{
  "view": "scene_left_0",
  "image_size": [
    640,
    480
  ],
  "intrinsics": {
    "source": "factory",
    "matrix": [
      [
        613.0328369140625,
        0.0,
        317.6395263671875
      ],
      [
        0.0,
        611.84619140625,
        235.83523559570312
      ],
      [
        0.0,
        0.0,
        1.0
      ]
    ],
    "distortion": [
      0.0,
      0.0,
      0.0,
      0.0,
      0.0
    ],
    "model": "distortion.inverse_brown_conrady"
  },
  "extrinsics": {
    "frame": "env",
    "translation_xyz": [
      0.4854427183385016,
      -0.48823902327896934,
      0.9234183963801463
    ],
    "quaternion_wxyz": [
      -0.36103639282925526,
      0.7334597403955355,
      0.5759240509389737,
      0.001009862265778807
    ],
    "rotation_matrix": [
      [
        0.33662093545649324,
        0.845563403837872,
        -0.4143776971586519
      ],
      [
        0.8441050157191073,
        -0.07592842120576432,
        0.5307745258497678
      ],
      [
        0.41734047041982536,
        -0.5284481099817768,
        -0.7393034064620878
      ]
    ],
    "n_images": 5,
    "reproj_error_px": 0.5570618867874145
  }
}