{
  "view": "scene_right_0",
  "image_size": [
    640,
    480
  ],
  "intrinsics": {
    "source": "factory",
    "matrix": [
      [
        614.04150390625,
        0.0,
        325.7750244140625
      ],
      [
        0.0,
        613.5159912109375,
        248.56907653808594
      ],
      [
        0.0,
        0.0,
        1.0
      ]
    ],
    "distortion": [
      0.0,
      0.0,
      0.0,
      0.0,
      0.0
    ],
    "model": "distortion.inverse_brown_conrady"
  },
  "extrinsics": {
    "frame": "env",
    "translation_xyz": [
      0.5995401530524378,
      0.3344568169568654,
      0.9373668556242076
    ],
    "quaternion_wxyz": [
      -0.07264912796279542,
      0.624984079707065,
      0.7134743938418837,
      -0.3083363320319466
    ],
    "rotation_matrix": [
      [
        -0.2082340086379167,
        0.8470195435769161,
        -0.48907718250327037
      ],
      [
        0.9366210061423876,
        0.028647212923596236,
        -0.34917105842914886
      ],
      [
        -0.28174401235768265,
        -0.530789251954543,
        -0.7993016211106613
      ]
    ],
    "n_images": 5,
    "reproj_error_px": 0.3139258086681366
  }
}