{
  "view": "wrist_left_plus",
  "image_size": [
    960,
    600
  ],
  "intrinsics": {
    "source": "charuco_calibrateCamera",
    "matrix": [
      [
        412.800953254118,
        0.0,
        455.49970275098536
      ],
      [
        0.0,
        412.67436314022484,
        293.0369397091179
      ],
      [
        0.0,
        0.0,
        1.0
      ]
    ],
    "distortion": [
      -0.3092278466866771,
      0.15238853670065156,
      0.0003582026320919115,
      0.00041992737341351176,
      -0.04510637527414631
    ],
    "reproj_rms_px": 0.1373596433878114,
    "n_views": 55
  },
  "handeye": {
    "method": "shah",
    "n_views": 55,
    "base_T_env": [
      [
        0.6949544466171945,
        0.7189514811827079,
        -0.012127853568509178,
        0.6704784391233676
      ],
      [
        -0.718855411425516,
        0.6950600507601864,
        0.011765343237630482,
        0.002642145922122775
      ],
      [
        0.016888297464257518,
        0.00054179556773018,
        0.9998572357423441,
        0.12444747948936538
      ],
      [
        0.0,
        0.0,
        0.0,
        1.0
      ]
    ],
    "base_to_env_translation_xyz": [
      0.6704784391233676,
      0.002642145922122775,
      0.12444747948936538
    ],
    "base_to_env_quaternion_wxyz": [
      0.9205802155596933,
      -0.0030479548333212396,
      -0.007879854069839392,
      -0.39046214232783283
    ],
    "cam_in_ee_matrix": [
      [
        0.023083045819003722,
        -0.999710743750701,
        -0.006752912344878542,
        0.07823199784277653
      ],
      [
        0.9989831904564176,
        0.022803536883901646,
        0.03889195149514729,
        0.0018803730806530574
      ],
      [
        -0.03872671146939893,
        -0.007643790617512108,
        0.9992206034123605,
        -0.0740008185735884
      ],
      [
        0.0,
        0.0,
        0.0,
        1.0
      ]
    ],
    "cam_in_ee_translation_xyz": [
      0.07823199784277653,
      0.0018803730806530574,
      -0.0740008185735884
    ],
    "cam_in_ee_quaternion_wxyz": [
      0.7150362204313965,
      -0.016270414275161967,
      0.011179083734118366,
      0.6988086327295646
    ]
  },
  "base_in_env": {
    "arm": "l",
    "translation_xyz": [
      -0.46615435778813985,
      -0.4839453420803643,
      -0.11632933426046584
    ],
    "quaternion_wxyz": [
      0.9205802155596933,
      0.0030479548333212396,
      0.007879854069839392,
      0.39046214232783283
    ]
  },
  "board_center_in_base_xyz": [
    0.6704784391233676,
    0.002642145922122775,
    0.12444747948936538
  ]
}