{
  "view": "wrist_right_minus",
  "image_size": [
    960,
    600
  ],
  "intrinsics": {
    "source": "charuco_calibrateCamera",
    "matrix": [
      [
        410.1239994237507,
        0.0,
        469.58869091110165
      ],
      [
        0.0,
        409.8449272242614,
        275.79020370407034
      ],
      [
        0.0,
        0.0,
        1.0
      ]
    ],
    "distortion": [
      -0.3113361633280917,
      0.17188914371529976,
      -0.0004612028458995328,
      -0.0008264093666884132,
      -0.06998016796050045
    ],
    "reproj_rms_px": 0.12906897803047943,
    "n_views": 56
  },
  "handeye": {
    "method": "shah",
    "n_views": 56,
    "base_T_env": [
      [
        0.7220688210163472,
        -0.6917407570074101,
        -0.010551910295187058,
        0.6531444923439431
      ],
      [
        0.6916575584112719,
        0.7214822601522,
        0.03275927621654564,
        -0.02784153867564525
      ],
      [
        -0.0150479104403533,
        -0.030952760466373807,
        0.9994075680176182,
        0.13811188884856715
      ],
      [
        0.0,
        0.0,
        0.0,
        1.0
      ]
    ],
    "base_to_env_translation_xyz": [
      0.6531444923439431,
      -0.02784153867564525,
      0.13811188884856715
    ],
    "base_to_env_quaternion_wxyz": [
      0.9277605630207296,
      -0.017168232629838534,
      0.001211519524641021,
      0.372778918009412
    ],
    "cam_in_ee_matrix": [
      [
        -0.7337974896983135,
        0.6793675624512528,
        -0.000979388327748229,
        -0.04281591463694701
      ],
      [
        -0.6793505866684652,
        -0.7337880297760665,
        -0.006156927039568886,
        0.05187806481126781
      ],
      [
        -0.004901479946466074,
        -0.00385258957085915,
        0.9999805663351329,
        0.028579649091879718
      ],
      [
        0.0,
        0.0,
        0.0,
        1.0
      ]
    ],
    "cam_in_ee_translation_xyz": [
      -0.04281591463694701,
      0.05187806481126781,
      0.028579649091879718
    ],
    "cam_in_ee_quaternion_wxyz": [
      -0.36482702985824417,
      -0.001579061637514154,
      -0.002687637769220275,
      0.9310700948115445
    ]
  },
  "board_center_in_base_xyz": [
    0.6531444923439431,
    -0.02784153867564525,
    0.13811188884856715
  ],
  "base_in_env": {
    "arm": "r",
    "translation_xyz": [
      -0.45028016754316047,
      0.47616878603212737,
      -0.13022607619968823
    ],
    "quaternion_wxyz": [
      0.9277605630207296,
      0.017168232629838534,
      -0.001211519524641021,
      -0.372778918009412
    ]
  }
}